,length,loss
0,5,-0.2240873755816859
1,10,-0.18268606727874018
2,20,-0.04101914482478632
3,40,-0.024419406091249686
4,80,-0.01918449725900941
