,length,loss
0,5,-0.5630728368165606
1,10,-0.18823040029713178
2,20,-0.06436908867529503
3,40,-0.01353235509620252
4,80,-0.008593095961126448
