,length,loss
0,5,-1.754157468282792
1,10,-0.13370729921368926
2,20,-0.005462652404073563
3,40,-0.0013652939331586407
4,80,-0.0056052776975304905
